1,"روان شناسی",ravanshenasi,"<p>روانپزشک کیست؟<br />
روانپزشک، فردی است که در زمینه سلامت روان تخصص دارد. تشخیص و درمان افراد مبتلا به بیماری&zwnj;های روانی در تخصص آنها است. آنها درک عمیقی از سلامت جسمی و روانی انسان داشته و به خوبی با ارتباط این دو آشنا هستند. روانپزشکان به بیماران مبتلا به اسکیزوفرنی، افسردگی، اختلال دوقطبی، اختلالات خوردن و اعتیاد کمک می&zwnj;کنند.<br />
روانپزشکان چه کاری انجام می دهند؟<br />
روانپزشکان علائم روانی و جسمی شما را ارزیابی می&zwnj;کنند. آنها مشکل شما را تشخیص می&zwnj;دهند و با همکاری متقابل، طرحی برای درمان شما ارائه می&zwnj;دهند. روانپزشکان، درمان روانشناختی ارائه می&zwnj;دهند، دارو تجویز می&zwnj;کنند و از الکتروشوک برای درمان کمک می&zwnj;گیرند.<br />
روانپزشک برای درمان از اقدامات زیر استفاده می&zwnj;کند:</p>

<p>به بیمار در مدیریت سلامت روان در درازمدت کمک می&zwnj;کند</p>

<p>در مورد سبک زندگی مشاوره می&zwnj;دهد</p>

<p>با شما به صورت جداگانه یا با همراهی شریک زندگی&zwnj;تان، کار می&zwnj;کند</p>

<p>از نظرات و پیشنهادات سایر پزشکان و متخصصان بهداشت روانی استفاده می&zwnj;کند</p>

<p>شما را به متخصصان دیگر ارجاع می&zwnj;دهد</p>

<p>در صورت لزوم، شما را در بیمارستان بستری می&zwnj;کند</p>

<p>روانپزشک به چه کاری می&zwnj;آید؟<br />
اگر سلامت روانی شما با مشکلات زیر روبرو شده است، به یک روانپزشک نیاز دارید:</p>

<p>وضعیت روانی شما پیچیده و تشخیص آن دشوار است</p>

<p>به خودکشی فکر می&zwnj;کنید</p>

<p>به طور ناگهانی دچار مشکل روانی شده&zwnj;اید</p>

<p>به داروهایی نیاز دارید که تنها روانپزشک می&zwnj;تواند تجویزشان کند</p>

<p>پزشک خانوادگی نمی&zwnj;تواند به شما کمک کند.</p>

<p>دلایل متداول برای مراجعه به روانپزشک عبارتند از:</p>

<p>مشکلات مربوط به تغییر سبک زندگی یا استرس</p>

<p>اضطراب، نگرانی یا ترس شدید</p>

<p>افسردگی یا خستگی مفرطی که از بین نمی&zwnj;رود</p>

<p>فکر کردن به خودکشی</p>

<p>فکر کردن به آزار دیگران</p>

<p>آسیب رساندن عامدانه به خود</p>

<p>داشتن انرژی بیش از حد، ناتوانی در خواب یا استراحت</p>

<p>داشتن افکار منفی تکرارشونده</p>

<p>تفکر وسواسی</p>

<p>حس قرار داشتن بر لبه پرتگاه</p>

<p>احساس اینکه همه دنبال شما هستند یا می&zwnj;خواهند به شما آسیب بزنند</p>

<p>توهم (شنیدن یا دیدن چیزهایی که وجود ندارند)</p>

<p>هذیان (اعتقاد به چیزهایی که مبنای واقعی ندارند)</p>

<p>افکار از هم گسیخته</p>

<p>مصرف غیرعادی الکل یا مواد مخدر</p>

<p>اعتیاد به قمار، بازی و رفتارهای مشابه</p>

<p>مشکلات مربوط به تصویر بدن، خوردن یا رژیم غذایی</p>

<p>مشکلات حافظه</p>

<p>عدم تمرکز و توجه، بیش فعالی</p>

<p>خشونت، تحریکپذیری و طغیان احساسی</p>

<p>بی خوابی و سایر مشکلات خواب</p>

<p>عارضه&zwnj;هایی که در دوران کودکی آغاز می&zwnj;شوند، مانند اوتیسم، ناتوانی ذهنی و اضطراب.</p>

<p>روانپزشکان چه درمان&lrm;&zwnj;هایی را ارائه می&zwnj;دهند؟</p>

<p>دارو درمانی</p>

<p>درمان روانی (روان درمانی یا گفتاردرمانی)</p>

<p>شیوه&zwnj;های درمان به کمک تحریک مغز، مانند الکتروشوک.</p>

<p>آنها همچنین توصیه هایی در خصوص رژیم غذایی، خواب و غیره ارائه می&zwnj;دهند که به بازیابی بیمار کمک می&zwnj;کند. اطلاعاتی که آنها در مورد وضعیت بیمار ارائه می&zwnj;کنند، نقش به سزایی در شناخت علائم و درمان آنها دارد. روانپزشک تنها از درمان&zwnj;هایی استفاده می&zwnj;کند که سلامت و اثربخشی آنها ثابت شده باشد.<br />
روانپزشکان توضیح می&zwnj;دهند که:</p>

<p>چرا این شیوه درمان را توصیه می&zwnj;کند؟</p>

<p>روند درمان چگونه کار می&zwnj;کند؟</p>

<p>درمان مورد نظر چه عوارضی دارد؟</p>

<p>خطرات احتمالی درمان کدامند؟</p>

<p>درمان چقدرهزینه دارد؟</p>

<p>موافقت با شیوه درمان پیشنهادی پزشک، به شما بستگی دارد.<br />
روانپزشکان چه تحصیلاتی دارند؟<br />
روانپزشکان حداقل 11 سال یا بیشتر آموزش می&zwnj;بینند. آنها ابتدا در دانشگاه مدرک پزشکی می&zwnj;گیرند. سپس، حداقل 1 یا 2 سال دیگر در بیمارستان آموزش می&zwnj;بینند. در ادامه، برای آنکه به یک روانپزشک تبدیل شوند، باید 5 سال آموزش ویژه ببینند.<br />
روانپزشکان کجا کار می&zwnj;کنند؟<br />
روانپزشکان در بیمارستان&zwnj;های عمومی و خصوصی، مؤسسات خدمات بهداشت روانی و مطب&zwnj;های خصوصی کار می&zwnj;کنند. آنها همچنین در زمینه&zwnj;های تحقیقاتی، مشاوره امور حقوقی و تدریس نیز فعالیت دارند. این یعنی آنها در ادارات دولتی، مراکز تحقیقاتی و دانشگاه&zwnj;ها کار می&zwnj;کنند.<br />
بسیاری از روانپزشکان چندین شغل مختلف دارند. آنها ممکن است بخشی از روز را در یک بیمارستان عمومی باشند و باقی روز را به صورت خصوصی کار کنند.<br />
زمینه&zwnj;های فوق تخصص در روانپزشکی<br />
برخی روانپزشکان بر یک زمینه خاص تمرکز دارند؛ برای مثال:</p>

<p>روانپزشکی کودکان و نوجوانان</p>

<p>روانپزشکی بزرگسالان</p>

<p>روانپزشکی سالمندان</p>

<p>روانپزشکی اعتیاد</p>

<p>روانپزشکی حقوقی (مربوط به قانون)</p>",,"2019-11-15 08:38:29","2019-11-16 15:29:39"
2,پزشکی,pezeshki,,,"2019-11-15 08:38:44","2019-11-15 08:38:44"
3,قضایی,ghazaii,,,"2019-11-15 08:38:58","2019-11-15 08:38:58"
4,مهندسی,mohandesi,,,"2019-11-15 08:39:10","2019-11-15 08:39:10"
5,بازرگانی,bazargani,,,"2019-11-15 08:39:23","2019-11-15 08:39:23"
6,بیمه,bime,,,"2019-11-15 08:39:32","2019-11-15 08:39:32"
7,"مشاوره فردی",moshavere-fardi,,1,"2019-11-15 08:40:21","2019-11-15 08:40:21"
8,"مشاوره کودک",moshavere-koodak,,1,"2019-11-15 08:40:31","2019-11-15 08:40:31"
9,"مشاوره نوجوان",moshavere-nojavan,,1,"2019-11-15 08:40:45","2019-11-15 08:40:45"
10,"مشاوره خانواده",moshavere-khanevade,,1,"2019-11-15 08:41:10","2019-11-15 08:41:10"
11,"مشاوره ترک اعتیاد",moshavere-tark-etiad,,1,"2019-11-15 08:43:14","2019-11-15 08:43:14"
12,"انواع درمان های روانشناسی",darman-ravanshenasi,,1,"2019-11-15 08:43:35","2019-11-15 08:43:35"
13,روانسنجی,ravansanji,,1,"2019-11-15 08:43:48","2019-11-15 08:43:48"
14,روانپزشکی,ravanpezeshki,,1,"2019-11-15 08:45:08","2019-11-15 08:45:08"
15,"انواع اختلالات روانی",ekhtelalat-ravani,,1,"2019-11-15 08:45:32","2019-11-15 08:45:32"
16,"نورولوژی (مغز و اعصاب)",norology,"<p>تخصص نورولوژی (مغز و اعصاب)<br />
نورولوژی شاخه ای از علم پزشکی است که به تشخیص و درمان بیماری های سیستم عصبی مرکزی و محیطی می پردازد. سیستم عصبی مرکزی شامل مغز و نخاع و سیستم عصبی محیطی شامل اعصاب حسی و حرکتی در سرتاسر بدن می باشد.<br />
یک پزشک عمومی بعد از قبولی در آزمون دستیاری به مدت چهارسال در این رشته آموزش می بیند.<br />
از آنجایی که سیستم عصبی بدن شبکه ای پیچیده است، تشخیص و درمان بیماری هایی که در این تخصص جای می گیرند آسان نیست.<br />
بیماری های مربوط به سیستم عصبی می توانند سیر مزمن داشته باشند و در ابتدا علایم کافی جهت تشخیص را بروز ندهند، .همچنین بعضی از آنها کاملا ناگهانی بروز می کند. این بیماری ها اکثرا پیشرونده هستند، لذا تشخیص به موقع توسط یک نورولوژیست خوب اهمیت بالایی دارد.<br />
&nbsp;</p>

<p>بیماری های مغز و اعصاب</p>

<p>انواع سردرد که شایع ترین طیف مراجعه کنندگان را تشکیل می دهد، شامل میگرن، سردرد تنشی، نورالژی و ...&nbsp;</p>

<p>وجود علایم زیر در سردرد زنگ خطر محسوب میشوند:</p>

<p>ناگهانی و شدید &nbsp;</p>

<p>بدترین سردردی است که فرد تا کنون تجربه کرده است.</p>

<p>علایم همچون تاری دید تهوع و استفراغ تب و کاهش سطح هوشیاری و ... همراه آن باشند.</p>

<p>که این موارد نیازمند اقدام اورژانسی میباشد:</p>

<p>انواع سرگیجه</p>

<p>&nbsp;تشنج و صرع که با حرکات پرشی تکرار شونده بدون اطلاع فرد بروز میکند.</p>

<p>کاهش سطح هوشیاری که میتواند به علل مختلف مانند عفونی، نورولوژیکی، عروقی و ... بروز کند که نیازمند مراجعه اورژانسی است.</p>

<p>بیمارهای عروقی مغز شامل سکته مغزی، خونریزی مغزی، تنگی عروق و ...که علایم آنها اغلب ناگهانی بروز میکند و می تواند با یک سردرد شدید، تاری دید، اختلال حرکتی و ... خود را نشان دهد.</p>

<p>بیماریهای حرکتی مثل بیماری پارکینسون که با ترمور(لرزش)در هنگام استراحت، اختلال حافظه و ..بروز میکند.</p>

<p>فراموشی و اختلال حافظه مانند آلزایمر و دمانس</p>

<p>بیماریهای ستون فقرات مثل درد گردن و کمردرد که علت آن میتواند فشار دیسک روی نخاع، اسپاسم عضلات، تنگی کانال نخاعی باشد و نیازمند بررسی است.</p>

<p>بیماریهای درگیر کننده میلین عصب مثل ام اس یک بیماری خود ایمنی است و معمولا اولین علامت آن یک اختلال حسی مثل نابینایی یا کم بینایی موقت است.</p>

<p>اختلال حرکتی ناشی از ضعف عصبی عضلانی هم میتواند در ام اس بروز کند.</p>

<p>بیماری های پیش رونده ضعف عضلانی که علت آنها اختلال سیستم عصبی است مانند گیلن باره.</p>

<p>اختلالات اعصاب محیطی مثل انواع نوروپاتی که با علائمی همچون گز گز و گرفتگی و بیحسی اندامها بروز می کند.&nbsp;</p>

<p>اختلالات خواب شامل بی خوابی و نداشتن خواب عمیق و موثر که ابتدا نیازمند ویزیت نورولوژیست است و در صورت نبود مشکل زمینه ای مراجعه به روانپزشک توصیه میشود.</p>

<p>&nbsp;</p>

<p>تشخیص و درمان بیماری های مغز و اعصاب</p>

<p>با توجه به پیچیدگی سیستم عصبی، تشخیص بیماری ها علاوه بر شرح حال دقیق بیمار و معاینه، نیازمند ابزار های پاراکلینیکی دقیق است.<br />
سی تی اسکن و ام آر آی تحولی عظیم در تشخیص به موقع بیماری های عصبی پدید آورد. همچنین تست هایی چون نوار مغز (مثلا برای تشخیص تشنج) یا نوار عصب و عضله برای بررسی عملکرد اعصاب محیطی بسیار کارامد است.<br />
در صورتی که درمان دارویی برای بیماری نورولوژیکی کارآمد باشد، انتخاب اول خواهد بود که زیر نظر پزشک نورولوژیست انجام می شود. همچنین روش های نوینی همچون آی وی-آی جی امروزه برای درمان بیماری هایی با ماهیت خود ایمنی (مثل گیلن باره ) استفاده میشود که نیازمند بستری در بیمارستان است.<br />
درصوردی که جهت درمان جراحی مورد نیاز باشد (مثل جراحی ستون مهره یا خون ریزی های مغزی) بیمار از حیطه کار متخصص نورولوژی خارج شده و نیازمند ارجاع به جراح مغز و اعصاب است.</p>",2,"2019-11-16 15:32:41","2019-11-16 15:33:35"
17,"جراحی مغز و اعصاب ( نوروسرجری )",norosergery,"<p>تخصص جراحی مغز و اعصاب(نوروسرجری)</p>

<p>جراحی مغز و اعصاب شاخه ای از علم پزشکی می باشد که به&nbsp;&nbsp;مشکلات سیستم عصبی مرکزی (مغز و نخاع) ، سیستم عصبی محیطی، سیستم عصبی اتونوم یا خودکار و ساختار های حفاظت کننده آنها ، مثل جمجمه و ستون فقرات می پردازد. و پس از تشخیص اقدامات لازم برای درمان جراحی و مراقبت های بعد از آن را انجام می دهد.<br />
از اشتباه افراد ندانستن تفاوت رشته های تخصصی اعصاب و روان، داخلی مغز و اعصاب و جراحی مغز و اعصاب است که لازم به ذکر است متخصص اعصاب و روان همان روانپزشک است که به مشکلات منتال مثل شخصیت و خلق و خو و .. می پردازد. در رشته تخصص داخلی مغز و اعصاب(نورولوژی)بیماری هایی بحث می شوند که نیاز به درمان جراحی ندارند (مثلا ام اس)، ولی در نوروسرجری بحث جراحی برای درمان مطرح است.<br />
پزشک عمومی بعد از اتمام دوره هفت ساله ، بعد از شرکت در آزمون دستیاری و قبولی ، طی یک دوره ۵ الی ۶ ساله آموزش های لازم جهت درمان را فرا می گیرد که همان طور که گفته شد اکثر آنها جز واحد های جراحی هستند.<br />
بيماري&zwnj;هايي كه در حيطه كار جراحان مغز و اعصاب (نوروسرجن ها) قرار دارد شامل:<br />
&nbsp;- تومورهاي مغزي<br />
&nbsp;- ضربه مغزی<br />
- برخي خونريزي&zwnj;هاي مغزي مانند خونريزي&zwnj;هاي ناشي از اختلالات عروقي مغز<br />
&nbsp;- دررفتگي ديسك در سراسر ستون فقرات<br />
&nbsp;- تنگي كانل نخاعي ستون فقرات<br />
&nbsp;- ضربه هاي ستون فقرات و آسيب هاي نخاعي&nbsp;- تومور&zwnj;هاي نخاعي<br />
&nbsp;- تومورها و ضايعات اعصاب محيطي<br />
&nbsp;&nbsp;- دردهاي غير قابل كنترل مانند دردهاي بيماران سرطاني و يا دردهاي ناشي از آسيب&zwnj;هاي نخاعي<br />
&nbsp;- عفونت هاي مغز و نخاع<br />
و ....&nbsp;<br />
از شایع ترین موارد مراجعه در این تخصص ، ضربه به سر (طی تصادفات ، سقوط و ) هستند که در خیلی از موارد منجر به خون ریزی های داخلی مغزی می شوند و خیلی فوری نیازمند مداخله جراحی هستند.<br />
تومورهای مغزی نیز مورد دیگری هستند که گاهی تصادفی توسط پزشک عمومی یا سایر تخصص ها تشخیص و ارجاع داده می شوند. علایمی مثل سردردهای شدید که اغلب ناگهانی ایجاد می شوند ، استفراغ ناگهانی ،اختلالات بینایی یا بویایی ،اختلالات شناختی، ضعف پیشرونده در یک سمت بدن می توانند علایم هشدار باشند. البته قطعا این به آن معنا نیست که هر سردردی نشانه تومور مغزی است، ولی در صورتیکه چند علامت را با هم دارید یا سیر افزاینده در آنها حس می کنید، به سادگی از کنار آن نگذرید و درد را با مسکن خاموش نکنید. &nbsp;ابتدا به متخصص نورولوژی مراجعه کنید تا علایم را بررسی کند و در صورت لزوم سی تی اسکن یا ام ار ای درخواست کند و روند تشخیص کامل انجام شود و در پروسه درمان در صورتی که نیازمند مداخله نوروسرجن باشد، ارجاع توسط ایشان انجام می شود.</p>
",2,"2019-11-16 15:35:15","2019-11-16 15:35:44"
18,اورولوژی,orology,"<p>اورولوژی شامل بیماری های مرتبط با کلیه ها، مجاری ادراری، مثانه، پروستات، بیضه ها و آلت تناسلی مردان است. به عبارتی این تخصص به دستگاه تناسلی و ادراری مردان و دستگاه ادراری زنان می پردازد. تشخیص و درمان بیماری هایی از قبیل بیماری های کلیه و مجاری ادراری، سنگ کلیه، سرطان های مرتبط با دستگاه تناسلی و ادراری، عدم توانائی در کنترل ادرار، احتباس ادراری، اختلال در عملکرد جنسی مردان مانند اختلال در نعوظ یا درد، بیماری های پروستات و... در این تخصص قرار می گیرند. البته در برخی موارد باید همکاری لازم بینسکس تراپیست&nbsp;و اورولوژیست در درمان بیماری های جنسی برقرار شود.&nbsp;سکس تراپی&nbsp;به درمان بیماری های جنسی از طریق روش های روانشناختی می پردازد و اورولوژی با استفاده از درمان فیزولوژیک مشکلات جنسی را حل می کند.<br />
پیش تر در معرفی تخصص داخلی به زیرشاخه نفرولوژی اشاره شد که دانستن تفاوت آن با اورولوژی اهمیت دارد. در نفرولوژی پزشک متخصص به بیماری های داخلی کلیه مثل بیماری های حاد و مزمن کلیه اختلالات اسید و باز و... می پردازد و بیماری های تناسلی مردان بحث نمی شود، ولی رشته اورولوژی بحث جراحی مطرح است. البته این بدان معنا نیست که تمام بیماری های اورولوژی به جراحی ختم میشوند ولی اکثر آنها یا تنها راه درمانشان جراحی است و یا در صورت جواب ندادن به درمان مدیکال نیازمند جراحی هستند.<br />
￼<br />
علایم شایعی که به علت آنها باید به متخص اورولوژی مراجعه کنید :<br />
از بیماری های شایع در اورولوژی عفونت ادراری است.<br />
علایم تحریکی ادرار مانند سوزش ادرار، تکرر ادرار، احساس عدم تخلیه کامل ادرار، وجود خون در ادرار، درد پهلوها و ...که علایمی نسبتا شایع هستند می توانند نشان دهنده یک عفونت ادراری باشند که با آزمایش ساده ادرار تشخیص و به خوبی درمان می شود لذا درصورتی که این علایم را دارید حتما به پزشک مراجعه کنید. پزشک عمومی در صورتی که تشخیص عفونت ادراری پیشرفته بدهد شما را به اورولوژیست ارجاع میدهد.<br />
هر اختلالی که به سیستم تناسلی مردان مربوط است در حیطه اورولوژی قرار دارد. مشکلاتی نظیر زودانزالی، عدم نعوذ آلت تناسلی، درد در ناحیه تناسلی، واریکوسل، وجود اشکال آناتومیکی در سیستم تناسلی و اختلالاتی از این قبیل در این تخصص می گنجند.<br />
التهاب و بزرگی پروستات که بیماری بسیار شایعی در مردان میانسال و مسن است که با علایمی همچون احتباس ادراری یا کاهش جریان ادرار به صورت قطره قطره شدن و زود به زود ادرار کردن خود را نشان می دهد که پیگیری آزمایشگاهی و انتخاب نوع درمان آن به عهده اورولوژیست می باشد.<br />
سنگ های کلیه و مثانه و حالب که علامت شایع آنها درد شدید و وجود خون در ادرار است.<br />
تومورهای تناسلی و ادراری مثل تومور مثانه که علامت شایع آن هماچوری ( وجود خون در ادرار) است.<br />
مشکلات ناباروری در مردان که رشته فوق تخصصی اندرولوژی به طور اختصاصی به آن می پردازد.<br />
تشخیص بیماری های ادراری و تناسلی بسته به تشخیص متخصص از آزمایش ساده آنالیز ادراری و کشت ادرار یا آزمایشاتی همچون آنالیز مایع منی تا روش های پیچیده تری مثل سیستوسکوپی و بیوپسی و ..که نیازمند بستری در بیمارستان هستند متغیر است.<br />
&nbsp;<br />
درمان هم همانطور که پیش تر اشاره شد با توجه به ماهیت این رشته درصورت پاسخ ندادن یا بی اثر بودن درمان دارویی، جراحی خواهد بود.</p>",2,"2019-11-16 15:37:32","2019-11-16 15:38:04"
19,"پوست و مو",poost_va_moo,"<p>پوست خارجی ترین لایه بدن و بهترین نمایشگر&nbsp;درون بدن است. پوست به عنوان اولین و قوی ترین محافظ بدن در برابر میکروب ها و عوامل مضر خارجی شناخته می شود، به علاوه بسیاری از&nbsp;&nbsp;بیماریهای داخلی اولین نشانه خود را با تغییرات پوستی نشان می دهند، لذا حفظ سلامتی و توجه به تغییرات طبیعی و غیر طبیعی آن اهمیت بالایی دارد.<br />
این روزها با توجه به تمرکز زیاد افراد جامعه به ویژه خانم ها به مقوله زیبایی، تخصص پوست و مو جز رشته های پر طرفدار در میان رشته های تخصصی پزشکی شناخته می شود. درحالیکه باید توجه داشت&nbsp;&nbsp;مقوله اصلی که در این تخصص باید به آن پرداخته شود همانند دیگر رشته های پزشکی، در وهله اول، بیماری های پوست و مو هستند.<br />
یکی از مسایل مهم در درمان بیماریهای پوستی که بهتر است &nbsp;همین ابتدا به آن بپردازیم، طولانی بودن طول مدت درمان است. برای مثال یکی از شایع ترین بیماری های پوستی که منجر به مراجعه افراد به کلینیک های پوست و مو می شوند، انواع آکنه ها هستند که باتوجه به سن درگیری این بیماری که اکثرا حول و حوش بلوغ رخ میدهد، مراجعین افراد جوان را شامل می شود که حساسیت خاصی به زیبایی خود دارند و پوست هم جلوه گر اصلی زیبایی و طراوت فرد است. از طرفی همانطور که گفته شد درمان بیماری های پوستی پروسه ای زمان بر است و اینکه انتظار داشته باشید با یک یا دوبار مراجعه تغییر شگرفی رخ دهد، عملا غیر ممکن است. حال حساسیت زیاد یک جوان بر زیبایی خود و طولانی بودن مدت زمان درمان منجر می شود که وی به پزشک معالج خود شک کند و مرتبا در صدد تغییر از پزشکی به پزشک دیگر باشد، &nbsp;که این نه تنها مشکل را حل نمیکند، باعث بدتر کردن علایم بیماری می شود. لذا توصیه میشود در درمان بیماری های پوستی صبور باشید و به پزشک معالج اعتماد کنید، توصیه های ایشان را برای دفعات مراجعه جدی بگیرید و منتظر معجزه در زمان کم نباشید.<br />
از دیگر مواردی که نقش مهمی در درمان بیماری های پوستی دارند، رعایت نکاتی است که به شیوه زندگی فرد مربوط است، که این توصیه ها توسط پزشک به شما داده می شوند. برای مثال درماتیت یا همان اگزماهای پوستی بیماری پوستی شایعی است که درمان دارویی آن بدون رعایت نکات حفاظتی (مانند پرهیز از شستشوی مکرر دست ها، عدم تماس مکرر با مواد شوینده، &nbsp;چرب نگه داشتن دست ها و... ) بی ثمر می ماند.<br />
از دیگر بیماری هایی که یک متخصص پوست و مو به آنها می پردازد می توان به بیماری های زیر اشاره کرد:<br />
انواع کهیر و آنژیوادمپسوریازیس<br />
لیکن پلانویتیلیگو(برص)<br />
عفونت های باکتریال پوست مانند زردزخم و سلولیت&nbsp;<br />
عفونت های باکتریال مقاربتی مانند سیفلیس و شانکرویید<br />
عفونت های ویروسی پوست مثل زگیل و هرپس<br />
عفونت های قارچی مثل انواع تینه آ و کاندیدیازیس<br />
ضایعات مرتبط با گزش<br />
بیماری های تاولی<br />
انواع خال ها<br />
ضایعات پیش بدخیمی و سرطان های پوست<br />
بیماری های &nbsp;مربوط به مو مثل ریزش مو منطقه ای و انواع آلوپسی&nbsp;<br />
بیماری های ناخن<br />
و بسیاری بیماری دیگر<br />
برای تشخیص بیماری های پوستی گاه پزشک به چندین مراجعه بیمار نیاز دارد تا تغییرات شکل ضایعه و پاسخ یا عدم پاسخ به درمان را زیر نظر بگیرد. همچنین جهت تشخیص، گاه از نمونه برداری از ضایعه و ارسال آن به آزمایشگاه مجهز استفاده می کند (مثلا برای ضایعات مشکوک به بدخیمی یا برای تشخیص ضایعات قارچی).<br />
جهت درمان بیماری های پوست علاوه بر درمان های دارویی که اساس کار را تشکیل می دهند، امروزه با انواع دستگاه های پیشرفته رو به رو هستیم که جای خود را در این رشته باز کرده اند. دستگاه هایی که روز به روز به نام های آنها افزوده می شوند و برای انواع پروسیجرهای زیبایی از آنها استفاده می شود. لازم به ذکر است انتخاب نوع دستگاه به ساختمان پوست شما، سن، نوع ضایعه پوستی و عوامل دیگر بستگی دارد که حتما باید با مشاوره پزشک حاذق صورت گیرد. لذا استفاده از تجارب دیگران را به تنهایی سرلوحه خود قرار ندهید.</p>",2,"2019-11-16 15:38:24","2019-11-16 15:39:00"
20,"زنان و زایمان",zanan_va_zayman,"<p>تخصص زنان و زایمان<br />
تخصص زنان و زایمان رشته&rlm; ای بالینی است که به پیشگیری، تشخیص، درمان و پیگیری هر آنچه به سیستم تناسلی بانوان و مسائل مرتبط با آن مانند حاملگی، ناباروری و ... مربوط است، می &rlm;پردازد.<br />
یک پزشک بعد از گذراندن ۷ سال دوران پزشکی عمومی خود، مجدداً در آزمون دستیاری شرکت کرده و در صورت رسیدن به حد نصاب لازم به تحصیل در این رشته می&rlm; پردازد. طول مدت تخصص حداقل ۴ سال است.<br />
شایان ذکر است از اشتباهات رایج افراد، ندانستن تفاوت &quot;ماما&quot; و پزشک &quot;متخصص زنان و زایمان&quot; می&rlm; باشد. مامایی رشته&rlm; ای مجزا از پزشکی است و آموزش&rlm; هایی در زمینه پیگیری زنان باردار و مراقبت&rlm; های دوران بارداری (و نه تمامی مسائل مرتبط با زنان) به دانش&rlm; آموختگان این رشته داده می&rlm; شود، درحالیکه متخصص زنان و زایمان به تمامی مسائل مرتبط با دستگاه تناسلی زنان می&rlm; پردازد و با توجه به تخصص خود اجازه درمان دارویی و در مواقع لزوم، درمان جراحی را دارد.<br />
مسائلی که یک متخصص زنان به آنها می&rlm; پردازد در دو حیطه کلی قرار می&rlm; گیرند:</p>

<p>مباحث مامایی که مرتبط با بارداری و زایمان و مسائل پیرامون آن است.</p>

<p>مباحث ژنیکولوژی که به مطالعه بیماری&rlm; های دستگاه تناسلی زنان و مسائل مرتبط می&rlm; پردازد.</p>

<p>در حیطه مسائل مامایی مواردی مثل آزمایشات قبل از بارداری، مراقبت&rlm; های دوران بارداری، حاملگی طبیعی و سزارین، انواع سقط، خونریزی&rlm; های دوران بارداری، دیابت دوران بارداری، پرفشاری خون مرتبط با بارداری، تست&rlm; های ارزیابی سلامت جنین، عفونت&rlm; های بعد از زایمان، خونریزی &rlm;های بعد از زایمان، عفونت ادراری دوران بارداری و ... از موارد شایعی هستند که به آنها پرداخته می&rlm; شود.<br />
به عبارتی هر خانمی که قصد بارداری دارد باید تحت نظر یک متخصص زنان قرار بگیرد تا مراقبت&rlm; های دوران بارداری و بررسی&rlm; های لازم را تحت نظر وی انجام دهد.<br />
حفظ سلامت مادر باردار، سلامت جنین و مراقبت از روند بارداری به شکلی که کمترین خطر را به دنبال داشته باشد، از وظایف این رشته می&rlm; باشد.<br />
در حیطه ژنیکولوژی، پزشک به مسائلی همچون اختلالات مربوط به قاعدگی مانند سندرم pco، خونریزی&rlm; های غیرطبیعی واژینال، عفونت&rlm; های دستگاه تناسلی، روش&rlm; های پیشگیری از بارداری، کیست&rlm; های تخمدانی، میوم&rlm; های رحمی، اندومتریوز، روش&rlm;&rlm; های غربالگری سرطان سرویکس مانند پاپ اسمیر، اختلالات پیرامون یايسگی می&rlm; پردازد.<br />
معاینات بالینی، تست&rlm; های آزمایشگاهی و روش&rlm; های پاراکلینیکی اساس تشخیص بیماری&rlm; های ژنیکولوژی هستند.<br />
درمان هر کدام از بیماری&rlm; ها با صلاح دید پزشک صورت می&rlm; گیرد که می&rlm; تواند دارویی (مانند اختلالات قاعدگی PCO و ...) و یا نیازمند عمل جراحی (مانند انواعی از کیست&rlm; های تخمدانی یا میوم&rlm; های رحمی...) باشد. عمل جراحی توسط خود متخصص زنان صورت می&rlm; گیرد.<br />
در سطوح فوق تخصصی، همانند رشته&rlm; های دیگر، به منظور تمرکز بیشتر و اختصاصی تر، فلوشیپ&rlm; های رشته زنان و زایمان وجود دارند که در کشور ما شامل موارد زیر است:</p>

<p>فلوشیپ نازایی و IVF</p>

<p>فلوشیپ انکولوژی</p>

<p>فلوشیپ لاپاراسکوپی</p>

<p>فلوشیپ پریناتولوژی&nbsp;</p>

<p>به طور کل مراجعه به فوق&rlm; تخصص &rlm;های زنان با نظر پزشک معالج (و نه خود بیمار) انجام می&rlm;&rlm; شود.</p>",2,"2019-11-16 15:39:21","2019-11-16 15:39:48"
21,اطفال,atfal,"<p>متخصص اطفال</p>

<p>هر آنچه به سلامت کودکان تا سن پانزده سالگی مربوط است، در حیطه فعالیت متخصص کودکان قرار می گیرد.<br />
سلامت فیزیکی، رفتاری و روانی همگی در این مقوله می گنجند.<br />
یک پزشک بعد از اتمام دوره عمومی در آزمون تخصص شرکت می کند و در صورت قبولی در این رشته به مدت چهارسال در این تخصص آموزش می بیند.<br />
مراحل رشد و نمو در کودکان با سرعتی بالاتر و متفاوت از بزرگسالان صورت می گیرد. همین طور آناتومی و فیزیولوژی آنها به ویژه در دوران نوزادی با بزرگسالان فرق دارد. لذا بررسی سلامت آنها با بزرگسالان متفاوت خواهد بود و بررسی آن نیازمند دانش ویژه است.<br />
&nbsp;</p>

<p>کارهایی که متخصص اطفال انجام میدهد :</p>

<p>1) ارزیابی سلامت&nbsp;<br />
از همان بدو تولد چک کردن وضعیت سلامت نوزاد به عهده متخصص اطفال است که در اتاق زایمان صورت می گیرید. پس از تولد &nbsp;واکسن زدن و ثبت رشد و نمو شیرخوار و بررسی سرعت رشد را به عهده خواهد داشت. قد، وزن، دور سر در هر نوبت ویزیت تا ۲ سالگی چک و ثبت خواهد شد.<br />
علاوه بر تغییرات فیزیکی، ارزیابی رشد ذهنی کودک بر اساس جدول سنی انجام می شود.یعنی اینکه شیرخوار یا کودک در هر سن باید توانایی انجام چه کارهایی را داشته باشد.<br />
2) درمان بیماری ها<br />
همانطور که پیشتر گفته شد از آنجایی که آناتومی بدن کودکان در مواردی متفاوت با بزرگسالان است، درمان بیماری ها در آنها متفاوت با بزرگسالان خواهد بود.<br />
شایع ترین بیماری ها در شیرخواران و کودکان بیماری های عفونی است. بیماری هایی همچون سرماخوردگی های ویروسی و باکتریال، فارنژیت، اتیت مدیا یا همان عفونت گوش و سینوزیت.<br />
تب در بچه ها مقوله ایی مهم است که به دنبال آن حتما باید به پزشک مراجعه شود. در موارد زیادی تب می تواند با تشنج همراه باشد یا علامت عفونت در مغز(مننژیت) باشد.<br />
اسهال و استفراغ (گاستریت ها) نیز علایمی شایع در کودکان هستند که حتما نیازمند مراجعه به پزشک است. چرا که با توجه به حجم کم بدن کودکان، میزان آب بدن آنها کم است و طی اسهال و استفراغ، بدن &nbsp;سریعا کم آب می شود که بسیار خطرناک است.<br />
مساله دیگری که در مورد بیماری های کودکان وجود دارد دوز داروهای مصرفی است که کاملا با بزرگسالان متفاوت است. میزان داروی مصرفی کودکان باید بر اساس وزن آنها و توسط پزشک محاسبه و تجویز گردد. همچنین عدم درمان صحیح در مواردی، مثلا در فارنژیت استرپتوکوکی، که با تب، گلودرد، بدن درد، سرفه و علایمی شبیه به سرماخوردگی مشخص می شود می تواند زمینه ساز مشکلات قلبی (روماتیسم قلبی) شود. پس از کنار علایم سرماخوردگی در کودکان نباید به سادگی گذشت و حتما نیازمند درمان توسط پزشک است.<br />
به طور کل تشخیص و درمان بیماری های کودکان با معاینه فیزیکی و در صورت نیاز آزمایشات بالینی و در مواردی استفاده از ابزار های پاراکلینیکی صورت می گیرد.<br />
&nbsp;</p>

<p>رشته های فوق تخصصی اطفال</p>

<p>با توجه به گستردگی فراوان این تخصص زیر شاخه های متنوعی برای آن وجود دارد که به طور اختصاصی تر به طب اطفال می پردازند که شامل موارد زیر است :</p>

<p>بیماری های کلیه کودکان (نفرولوژی اطفال)</p>

<p>&nbsp;بیماری های خون اطفال</p>

<p>بیماری های عفونی کودکان</p>

<p>بیماری های قلب کودکان</p>

<p>بیماری های گوارش کودکان</p>

<p>بیماری های غدد و متابولیک کودکان</p>

<p>بیماری های ایمونولوژی و آلرژی کودکان</p>

<p>&nbsp;بیماری های روماتولوژی کودکان</p>

<p>بیماری های ریه کودکان</p>

<p>بیماری های اعصاب کودکان</p>

<p>فوق تخصص نوزادان</p>

<p>که مراجعه به آنها با توجه به تصمیم و تشخیص متخصص اطفال یا پزشک عمومی صورت می گیرد.<br />
&nbsp;</p>",2,"2019-11-16 15:40:11","2019-11-16 15:40:39"
22,"گوش و حلق و بینی",goosh_halgh_bini,"<p>تخصص گوش و حلق و بینی</p>

<p>همانطور که از اسم این تخصص مشخص است به بررسی، تشخیص و درمان بیماری های &nbsp;مرتبط با گوش، بینی، حلق و ساختمان های مرتبط با سر و گردن می پردازد. نام این تخصص ترجمه انگلیسی Otolaryngology میباشد و همین طور به اختصار ENT که اول وازه های Ear Nose Throat میباشد هم نامیده می شود.<br />
یک پزشک عمومی بعد از شرکت در آزمون تخصصی و قبولی در این رشته به مدت پنج سال آموزش های لازم را فرا می گیرد و به طبابت می پردازد.<br />
&nbsp;<br />
مواردی که در این تخصص بررسی می شوند شامل:</p>

<p>اختلالات مرتبط با گوش</p>

<p>مثل کم شنوایی، پارگی و آسیب های پرده گوش و تروماها، گرفتگی کانال گوش، عفونت های حاد و مزمن و التهاب های گوش، تومورهای گوش، اختلالات تعادلی و سرگیجه های مرتبط با لابیرنتیت، بیماری منیر و ... هستند.<br />
برای تشخیص پزشک با توجه به علایم موجود بعد از معاینه و مشاهده کانال گوش (اتوسکوپی) از ابزارهای مختلفی مثل تست های شنوایی سنجی یا روش های تصویربرداری استفاده می کند. با توجه به اختلال موجود، شست و شوی گوش، درمان دارویی و در مواردی درمان جراحی لازم است.</p>

<p>اختلالات بینی و سینوس</p>

<p>مانند پولیپ، سینوزیت، رینیت مداوم و رینیت الرژیک، از دست دادن حس چشایی، خون ریزی از بینی به طور مداوم، شکستگی بینی و تروماها، انومالی های مادرزادی بینی، تومورهای بدخیم حفره بینی و...<br />
برای تشخیص پزشک از معاینه حفره بینی (رینوسکوپی) ، اندوسکوپی بینی و روش های تصویر برداری مختلف استفاره می کند. در موارد لزوم عمل جراحی صورت می گیرد.<br />
&nbsp;البته امروزه شایع ترین علت مراجعه به متخصصین گوش و حلق و بینی در کشور ما عمل جراحی زیبایی بینی (رینوپلاستی) می باشد که خود بحث بر انگیز است.</p>

<p>اختلالات مرتبط با حنجره</p>

<p>مانند گرفتگی صدا، مشکل در بلع، مشکل در صحبت کردن، گلودردف تروماهای حنجره، لارنژیت حاد، تومور های حنجره و...<br />
برای تشخیص مشاهده حنجره و لمس غده تیرویید صورت می گیرد. در مراحل بعدی استفاده از لارنگوسکوپی، گلوتوگرافی و ...انجام می شود که توضیحات انها ار حوصله این مطلب خارج است.<br />
اختلالات مربوط به دهان و حلق<br />
سوزش لب ها، دشواری در خوردن غذا ناشی از زخم های دهانی، اختلالات التهابی مربوط به زبان و ضایعات آن، آبسه های دهانی، شکاف لب و دهان در نوزادان، وجود &nbsp;لوزه سوم، تومورهای دهان و حلق، اختلالات تنفسی انسدادی مرتبط با خواب، تومورهای بزاقی و...</p>

<p>اختلالات مربوط به گردن و تیرویید</p>

<p>لنفادنوپاتی های این ناحیه (بزرگ شدن غدد لنفاوی) &nbsp;و تومورهای بدخیم مثل لنفوم، لیپوم گردنی، انواع تیرییدیت ها و..در این منطقه قرار دارند.&nbsp;<br />
مشاهده ضایعه توسط پزشک توجه به سایز و تعداد و ... در تشخیص اهمیت دارد. در مواردی که عمل جراحی مورد نیاز است مثل شکاف لب و کام، لوزه سوم در کودکی، تومور ها و ... توسط خود متخصص انجام میشود.</p>

<p>در نگاه کلی به این تخصص در صورتی که از&nbsp;&nbsp;کاهش شنوایی رنج می برید، ترومایی به گوش شما وارد شده است، یا سردرد هایی شدید به دنبال سرماخوردگی اخیر دارید، مکررا دچار خون ریزی از بینی می شوید، یا درصورتی که زخم هایی در&nbsp;&nbsp;دهان دارید که غذا خوردن را برایتان سخت کرده است، احساس گرفتگی صدا دارید و اطرافیان این قضیه را تایید می کنند، برجستگی در ناحیه ای از گردن خود حس می کنید که چند روز است وجود دارد، یا اخیرا بلع مواد غذایی برایتان سخت شده است و ... ابتدا به یک پزشک عمومی مراجعه کنید تا توسط ایشان معاینه شوید و بررسی های اولیه را انجام دهید .در صورت نیاز به ارجاع مشکل شما در حیطه فعالیت متخصص گوش و حلق و بینی قرار می گیرد.</p>",2,"2019-11-16 15:41:22","2019-11-16 15:41:48"
23,داخلی,dakheli,"<p>متخصص داخلی&nbsp;</p>

<p>تخصص داخلی یک رشته بالینی است که به پیشگیری، ارزیابی، تشخیص و درمان و پیگیری بیماری های داخلی بزرگسالان می پردازد و شاید از این نظر جامع ترین تخصص پزشکی را بتوان داخلی دانست.<br />
به عبارتی اگر شما علامتی از یک بیماری، مثل تب و یا سرفه دارید، در مرحله اول ویزیت یک متخصص داخلی برای شما بسیار کارامد است. ایشان با توجه به مجموعه علائم شما، نشانه ها و یافته های آزمایشگاهی و پاراکلینیکی شما را درمان و یا در صورت لزوم به پزشک حوزه مربوطه ارجاع می دهد.<br />
همان طور که اشاره شد علم داخلی محدوده ای گسترده دارد و علت این گستردگی، ارگان هایی از بدن است که در این فیلد قرار می گیرند. به عبارتی هر آنچه به &nbsp;قلب، ریه، ارگان های دخیل در سیستم گوارش، کبد، کلیه ها، غدد و هورمون ها، خون و ناراحتی های مفاصل و استخوان ها مربوط است در مرحله اول به ویزیت یک پزشک متخصص داخلی نیاز دارد.<br />
با توجه به طیف گسترده بیماری هایی که در این زمینه وجود دارد، تخصص داخلی خود در مرحله<br />
&nbsp;فوق تخصصی زیرمجموعه های متنوعی دارد که به طور اختصاصی تر به ارگان مرتبط به خود می پردازد.<br />
&nbsp;این زیرشاخه های فوق تخصصی شامل:</p>

<p>فوق تخصص ریه</p>

<p>فوق تخصص روماتولوژی</p>

<p>فوق تخصص گوارش و کبد</p>

<p>فوق تخصص خون و سرطان (هماتولوژی انکولوژی)</p>

<p>فوق تخصص کلیه (نفرولوژی)</p>

<p>فوق تخصص غدد و متابولیسم (اندوکرینولوژی)</p>

<p>فوق تخصص بیماری&zwnj;های قلب و عروق</p>

<p>به عبارتی یک پزشک عمومی بعد از قبولی در رشته داخلی و چهار سال تحصیل در این رشته، مجدداً در امتحان فوق تخصصی شرکت کرده و در صورت قبولی در یکی از رشته های فوق تخصصی تحصیل می کند.<br />
مطلبی که در اینجا اهمیت دارد این است که صرف داشتن یک علامت، مثلاً تنفسی، مانند سرفه، به فوق تخصص ریه مراجعه نکنید و پله های درمانی را به درستی طی کنید تا هم پزشک را از تشخیص های جامع دور نکنید و هم مجبور پرداخت هزینه های زیاد نشوید.<br />
برای مثال سرفه شما می تواند یک علامت گوارشی باشد نه تنفسی و توسط پزشک عمومی و یا داخلی درمان شود و شما با مراجعه اشتباه به فوق تخصص ریه، هم از تشخیص صحیح دور شده اید و هم هزینه بیشتری متحمل شده اید.<br />
پس به سیستم درمانی و پزشک خود اعتماد کنید و مراجعه به فوق تخصص ها را به ارجاع آنها بسپارید.</p>",2,"2019-11-16 15:42:17","2019-11-16 15:42:46"
24,"بیماری های عفونی و گرمسیری",ofooni_va_garmsiri,"<p>متخصص بیماری های عفونی و گرمسیری</p>

<p>بیماریهای عفونی بیماری هایی هستند که از طریق میکرو اورگانیسم ها یعنی باکتری ویروس قارچ انگل و تک یاخته ها منتقل می شوند.<br />
یک پزشک بعد از اتمام هفت سال دوران عمومی و شرکت در آزمون دستیاری به مدت چهار سال در رشته تخصصی عفونی آموزش می بیند.<br />
به طور کلی در درمان عفونت های معمول نیاز به مراجعه به متخصص عفونی نیست و پزشک عمومی با روش صحیح می تواند شما را درمان کند.<br />
حیطه اصلی این تخصص پیشگیری و درمان بیماری های عفونی غیر شایع و غیر معمول و درمان عفونت های راجعه (یعنی مواردی که با وجود درمان مرتبا بیماری برمیگردد) و نیز موارد شدید بیماری است که نیاز به بستری در بیمارستان دارد.<br />
همچنین در درمان بیماری های عفونی در افرادی که اختلال ایمنی دارند (مادر زادی یا اکتسابی مانند ایدز) نیاز به مشاوره با متخصص عفونی می باشد.<br />
&nbsp;</p>

<p>چه موقع متوجه میشویم بیماری ما بیماری عفونی است؟</p>

<p>*تب&nbsp;شایع ترین علامت بیماری های عفونی است و در حقیقت واکنش دفاعی &nbsp;بدن به حضور میکروارگانیسم هاست. تب علامتی است که همیشه باید جدی تلقی شود و در گروه های پر خطر یعنی کودکان، زنان باردار و افراد پیر نیازمند بررسی دقیق تری دارد.<br />
تب های راجعه(رفت و برگشتی) نیز خود علامت مهمی در تشخیص بیماریهاست که حتما باید به پزشک گزارش شود.<br />
*وجود سابقه مسافرت اخیر:&nbsp;در صورتی که بعد از مسافرت دچار علایم بیماری شده اید،احتمال زیادی دارد که به یک بیماری عفونی دچار شده باشید.آب و غذاهایی که در سفر مصرف کرده اید یا حشراتی که در آن منطقه وجود دارند میتوانند منتقل کننده عفونت باشند.<br />
*تماس با فرد آلوده&nbsp;: در صورتی که بعد از مواجهه با فرد بیمار، بعد از چند روز دچار علایم مشابه شده اید،احتمالا یک بیماری واگیردار عفونی از آن فرد به شما منتقل شده است.بسته به نوع بیماری تماس تنفسی، استفاده از ظروف مشترک، تماس بدنی همچون دست دادن &nbsp;و ... میتواند باعث انتقال شود.<br />
&nbsp;</p>

<p>چه موقع باید به متخصص عفونی مراجعه کرد؟</p>

<p>-درمان زخم&zwnj;های مزمن (شامل زخم های دیابتی، زخم های عروقی، زخم بستر و سوختگی و زخم های ناشی از جراحی) در حیطه فعالیت متخصص عفونی است.<br />
-عفونت راجعه تنفسی و پنومونی تنفسی<br />
-عفونتهای راجعه تناسلی و ادراری<br />
بعضی از عفونت های تناسلی از مرد به زن و یا از زن به مرد منتقل می شوند که گاه فقط زن و یا فقط مرد علامت دارند ولی حتما هردو باید درمان شوند.<br />
-عفونتهای راجعه گوارشی که در این موارد نیاز به بررسی آزمایشگاهی وجود دارد<br />
-بیماری های باکتریالی چون سل، وبا، دیفتری، هاری، کزاز، بوتولیسم، تب مالت (بروسلوز) ،حصبه (تیفوید) و ...<br />
توضیح علایم این بیماری ها از حوصله این مبحث خارج است، فقط لازم به ذکر است علایمی چون خستگی طولانی مدت، ضعف، تب و لرز و کاهش وزن علایم خطری هستند که نیازمند بررسی آزمایشگاهی هستند.گاه این علایم علت عفونی دارند.<br />
-افرادی که دچار ضعف سیستم ایمنی هستند باید توسط متخصص عفونی مشاوره شوند.<br />
-عفونت های مغزی همچون مننژیت، آبسه های مغزیف انسفالیت و... که معمولا با کاهش سطح هوشیاری و تب نمایان می شوند.<br />
-عفونت مفاصل (ارتریت سپتیک)که در کودکان شایع است و با تب، درد مفصل و التهاب آن ناحیه مشخص می شود.<br />
-انواع بیماری های کرمی و انگلی<br />
-بیماری های ویروسی چون ایدز و هپاتیت که تشخیص آنها به ویژه در کسانی که رفتار های پر خطر دارند اهمیت دارد.تشخیص این بیماری ها آزمایشگاهی است.<br />
-بیماری های ویروسی دیگر همچون سرخک و سرخچه و اوریون که در اطفال شایع است.<br />
در زنان باردار بررسی این بیماری ها در ابتدای بارداری اهمیت زیادی جهت سلامت جنین دارد که توسط پزشک مورد ارزیابی قرار می گیرد.<br />
-انواع عفونت های پوستی همچون سلولیت ها که با قرمزی، گرمی و درد در آن ناحیه بروز می کنند و نیازمند مراجعه به متخصص عفونی( و نه متخصص پوست) هستند.</p>",2,"2019-11-16 15:43:18","2019-11-16 15:43:44"
25,"چشم پزشکی",cheshm_pezeshki,"<p>چشم پزشکی</p>

<p>چشم دریچه ارتباط آدمیان با دنیای بیرون است ، در توصیف فیزیولوژی و آناتومی چشم هر چه بگوییم نمی توان شکوهی که مولانا در بیت بالا به آن اشاره کرده است را به زبان آورد.</p>

<p>اجزای چشم</p>

<p>از طریق سیستم آناتومیک چشم نوری که از دنیای بیرون به ما میرسد را دریافت و توسط اعصاب چشم این اطلاعات به مغز ارسال و تصویر برای ما قابل درک می شود. اما برای اینکه عمل بینایی انجام گیرد اجزای بسیاری دخیل هستند که شامل ساختار های زیر می شوند:<br />
سگمان قدامی که شامل:<br />
قرنیه: که قسمت شفاف لایه ی خارجی چشم است و پرتوهای نور را به کمک عدسی بر روی شبکیه متمرکز می کند.<br />
صلبیه: قسمت سفید رنگ کره ی چشم که لایه بیرونی و شکل دهنده به کره چشم می باشد.<br />
زلالیه: مایع زلالی در پشت قرنیه که مسئول تغذیه و اکسیژن رسانی به قرنیه است.<br />
عنبیه: قسمت رنگی چشم &nbsp;<br />
عدسی: یک لنز محدب که به کمک قرنیه پرتوهای نور را متمرکز می کند.<br />
و سگمان خلفی که شامل:<br />
&nbsp;زجاجیه : و یا &nbsp;ویتره ماده ای که &nbsp;درون کره ی چشم را پر می کند.<br />
شبکیه : سلول های عصبی که مسئول دریافت و تشخیص نور هستند بر روی آن قرار دارند. کروئید: وظیفه اکسیژن رسانی به شبکیه را بر عهده دارد .<br />
اعصاب بینایی: که وظیفه اصلی در عمل دیدن را انجام می دهند.<br />
عضلات چشم : که حرکات کره چشم را بر عهده دارند.<br />
و سیستم اشکی.<br />
هر یک از قسمت های ذکر شده در بالا ممکن است در بیماری های مختلف دچار درگیری شوند. چشم پزشکی درواقع علم پیشگیری ، تشخیص و درمان بیماری های چشمی می باشد . متخصص چشم پزشکی پس از گذراندن دوره ی پزشکی عمومی و و پذیرش در رشته ی دستیاری چشم پزشکی پس از گذراندن چهار سال جراح و متخصص بیماری های چشمی شناخته می شود.</p>

<p>بیماری های چشم</p>

<p>از جمله شایع ترین اختلالات چشمی میتوان به موارد زیر اشاره کرد:<br />
عیوب انکساری : شامل نزدیک بینی و دور بینی<br />
کاتاراکت یا آب مروارید<br />
گلوکوم یا آب سیاه<br />
بیماری های چشمی ناشی از دیابت<br />
خشکی چشم<br />
پروپتوز یا بیرون زدگی چشم<br />
استرابیسم یا انحراف چشم<br />
التهاب لایه های مختلف چشم مانند یوئیت<br />
سرطان ها به ویژه تومور های چشمی<br />
اشک ریزش و بیماری های مجاری اشکی<br />
و ....<br />
&nbsp;</p>

<p>علائم بیماری های چشمی</p>

<p>&nbsp;از دست دادن و یا کاهش بینایی به صورت تاری دید، محو شدن قسمتی از میدان دید، کاهش کیفیت تصاویر، خستگی چشم بیشتر از قبل<br />
مشاهده هرگونه تغییر در دیدن مثل جرقه های نور، لکه های روشن، دیدن خطوط محو، دوبینی، دیدن سایه کنار اجسام، دیدن نقاط تاریک در مرکز یا حاشیه میدان&nbsp;&nbsp;بینایی و ...<br />
هرگونه تغییر در ظاهر چشم در اثر ضربه و یا افتادگی پلک، انحراف چشم ها، قرمزی، اشک ریزش، خشکی، تورم، خروج چرک، گرمی، تغییر در مژه ها، درد و ....<br />
و تغییر در رنگ ها<br />
&nbsp;</p>

<p>متخصص چشم از چه ابزاری استفاده می کند؟</p>

<p>در ابتدای کار مانند سایر رشته های پزشکی گرفتن شرح حال دقیق از بیمار که شامل شرحی از شکایت بیمار و سابقه بیماری های قبلی و مصرف داروها کمک بسیاری به تشخیص و درمان بیماری می کند.<br />
چرا که به طور مثال بسیاری از داروها باعث ایجاد گلوکوم و یا آب سیاه می شوند.<br />
در قدم بعدی معاینه بیمار به صورت &nbsp;مشاهده مستقیم ظاهر چشم&nbsp;&nbsp;با استفاده از اسلیت لمپ (وسیله ای که چانه بیمار بر روی آن قرار میگیرد و پزشک از سمت دیگر دستگاه به &nbsp;معاینه چشم می پردازد) و استفاده از چارت اسنلن در موارد کاهش بینایی چشم می باشد .<br />
و سپس متخصص چشم&nbsp;&nbsp;با استفاده از دستگاه های مختلفی به ارزیابی بخش های مختلف می پردازد.<br />
در صورت نیاز به بررسی های مختلف مثل تعیین فشار چشم، میدان بینایی، تعیین دقیق نمره ی چشم، آنژیوگرافی&nbsp;&nbsp;عروق چشمی و سونوگرافی چشم و ... از دستگاه های مخصوص این کار استفاده می کنند.<br />
&nbsp;</p>

<p>درمان بیماری های چشمی</p>

<p>با توجه به نوع بیماری درمان های بسیاری از جمله تجویز عینک، دارو درمانی، در موارد تومورهای چشمی استفاده رادیوکموتراپی نیز رایج است.<br />
از&nbsp;&nbsp;آنجایی که دربسیاری از موارد بیماری های چشمی به خودی خود و استفاده از دارو بهبود پیدا نمی کنند جراحی جز جدایی ناپذیر درمان های این رشته تخصصی می باشد .<br />
به طور مثل جراحی های اصلاح نزدیک بینی یا دور بینی مثل لازک، پی آر کی و اسمایل و...<br />
جراحی خارج کردن و تعویض عدسی در کاتاراکت یا آب مروارید<br />
جراحی های تومورهای چشم که گاهی به صورت مشترک با جراحان مغز و اعصاب(نوروسرجری) و سایر رشته ها انجام می گیرد و ....</p>

<p>فوق تخصص های چشم پزشکی</p>

<p>با توجه و گسترش علم و روش های درمانی و تشخیص امروزه فلوشیپ (دوره های فوق تخصصی) بسیاری برای رشته ی چشم پزشکی تعریف شده اند که در کشور ما نیز بسیاری ازین رشته ها وجود دارند که شامل موارد زیر می باشند:<br />
فلوشیپ قرنیه و بیماریهای خارج چشمی (سگمان قدامی): تمامی بیماری ها و جراحی های مربوط به سگمان قدامی که دربالا توضیح داده شد شامل جراحی های عیوب انکساری( نزدیک بینی و دور بینی) و کاتاراکت و... در حوزه ی تخصصی این افراد قرار دارد.<br />
فلوشیپ شبکیه (ویتره و رتین یا سگمان خلفی) که شامل&nbsp;&nbsp;اصلاح جداشدگی شبکیه و اختلالات ناشی از دیابت و ... می شود.<br />
فوق فلوشیپ چشم پزشکی کودکان و انحراف چشم: در موارد انحراف چشم ها که باعث غیرقرینه بودن چشم ها می شود وسایر ناهنجاری های چشم کودکان<br />
فلوشیپ جراحی پلاستیک و ترمیمی چشم (اربیت و اکولوپلاستیک)&nbsp;<br />
فلوشیپ آب سیاه (گلوکوم)<br />
فلوشیپ پاتولوژی چشم (مشترک با متخصصین پاتولوژی)<br />
فلوشیپ ترومای چشم<br />
و ...</p>

<p>&nbsp;تفاوت اپتومتریست و متخصص چشم در چیست؟</p>

<p>اپتومتریست و یا بینایی سنج کارشناسانی هستند که بعد از گذراندن دوره ی چهار ساله به افراد در زمینه هایی مثل تعیین نمره چشم ، تجویز عینک طبی و آفتابی و یا لنز های تماسی مناسب&nbsp;&nbsp;، &nbsp;ساخت عینک مناسب با میدان بینایی هر فرد ، انجام تست های مختلف بینایی سنجی و تشخیصی بیماری های چشمی که توسط دستگاه های تخصصی انجام می گیردو&nbsp;&nbsp;... کمک می کنند این افراد توانایی اعمال جراحی و&nbsp;&nbsp;درمان بیماری های چشمی را نداشته و این کار صرفا توسط چشم پزشک انجام می گیرد.</p>",2,"2019-11-16 15:44:03","2019-11-16 15:44:59"
26,"قلب و عروق",ghalb_va_oroogh,"<p>متخصص قلب و عروق&nbsp;</p>

<p>همانطور که از نام این تخصص &nbsp;مشخص است با پیشگیری، تشخیص، درمان و پیگیری اختلالات و بیماری های مرتبط با قلب سر و کار دارد.<br />
بیماری هایی همچون اختلالات مادرزادی قلب، بیماریهای عروق کرونر، نارسایی قلب، بیماریهای دریچه ای قلب، بی نظمی ها یا آریتمی های قلبی، بیماری های عضله قلب (میوکارد)، بیماری های مرتبط با فشار خون در این تخصص به آنها پرداخته می شوند.<br />
انجام معاینه منظم فرد توسط پرشک عمومی و یا متخصص قلب و عروق، یکی از بهترین راه&zwnj;های تشخیص بیماری&zwnj;های قلبی است. چراکه با توجه به پیشرفت تکنولوژی در زمینه دستگاه های پزشکی، خیلی از مشکلات قلبی در مراحل اولیه تشخیص داده می شوند &nbsp;و با دارو کنترل می شوند و نیاز به جراحی را کم می کنند.از طرف دیگر در بسیاری از مشکلات قلبی همچون بیماری های عروق کرونر و بیماری های مرتبط با فشار خون زمینه ژنتیکی بسیار موثر است که در این افراد معاینه منظم به جهت پیشگیری انجام می شود.<br />
&nbsp;<br />
ابزارهای پر کاربرد در تشخیص بیماری های قلبی :<br />
اکو کاردیوگرافی:&nbsp;برای اطلاع از وضعیت دریچه&zwnj;ها و حفره&zwnj;های قلبی، عملکرد پمپاژ و اختلال&zwnj;های مادرزادی قلبی استفاده می شود که وسیله ایی کاملا بی خطر می باشد.<br />
نوار قلب:&nbsp;فعالیت الکتریکی قلب را ثبت می&zwnj;کند و نشان&zwnj;دهنده نحوه عملکرد ریتم قلب است<br />
با نوار قلب می&zwnj;توان تا حد زیادی شواهدی از سکته قلبی را مشخص کرد.مزیت آن ساده و ارزان بودن و دسترس بودن آن است.<br />
تست ورزش:&nbsp;تست ورزش مانند نوار قلب است، با این تفاوت که بیمار روی دستگاه تردمیل حرکت می&zwnj;کند و نوار قلب ثبت می&zwnj;شود.<br />
اگر اختلالی در عملکرد ریتم و خون&zwnj;رسانی قلبی وجود داشته باشد، با تست ورزش مشخص می&zwnj;شود<br />
این روش برای تشخیص گرفتگی عروق کرونر مفید است.<br />
آنژیوگرافی: جزو روش&zwnj;های تهاجمی برای بررسی قلب است.در روش آنژیوگرافی بیمار باید بستری شود و از شریان کشاله ران یا دست، کاتترهای نازکی را به قلب می فرستند و داخل عروق کرونر تزریق انجام می شود تا عروق و حفره های قلبی بررسی شوند. &lrm;<br />
این وسیله تشخیصی است، ولی در حین تشخیص و در صورت وجود گرفتگی عروق، می&zwnj;توان با آن اقدام به باز کردن رگ خونی با بالون یا استنت&zwnj;گذاری (آنژیوپلاستی) نیز کرد.<br />
&nbsp;</p>

<p>چه کسانی باید بررسی از نظر قلب و عروق انجام دهند :</p>

<p>-در بسیاری از بیماری ها برای مثال دیابت &nbsp;بررسی عملکرد قلب و عروق به صورت مرتب باید صورت گیرد.یا در بیمار با مشکلات تنفسی حتما باید بررسی قلب انجام شود.<br />
-افرادی که در اقوام درجه اول آنها بیماری قلبی وجود دارد پیگیری را از سن کمتر باید آغاز کنند.در افراد جوان تر انجام تست ورزش بسیار کمک کننده است.<br />
-افراد سیگاری<br />
-افرادی که چربی خون بالا دارند<br />
-افراد با فشار خون بالا<br />
در این مورد باید دانست فشارخون بالا در اکثر موارد علامتی ندارد و تنها راه تشخیص آن چک مرتب فشار خون توسط پزشک است.<br />
-افراد چاق<br />
-افراد علامت دار<br />
علایم شایع بیماری های عروق کرونر شامل درد و &nbsp;احساس سنگینی قفسه سینه است.البته درد میتواند محدود به قفسه سینه نباشد و شانه چب، فک پایین تا ناف را در بر گیرد.تنگی نفس حین فعالیت علایم شایع دیگری است.درد قلبی می تواند با تعریق و تهوع همراه باشد.در خیلی از موارد بیماری عروق کرونر با درد معده و مشکلات گوارشی اشتباه گرفته می شود که باید به آن توجه شود.<br />
علایم شایع در نارسایی قلبی تنگی نفس، که هنگام خواب بدتر می شود و وجود تورم در بدن بویژه در پاها می باشد، که اغلب در افراد مسن ایجاد می شود و که نیازمند مراجعه به پزشک است.<br />
&nbsp;<br />
مواردی که گفته شد در حیطه متخصص قلب و عروق قرار دارند.در درمان بیماری های قلب زمانی که نیاز به مداخله جراحی باشد جراحی توسط جراح قلب و عروق صورت می گیرد که رشته مجزایی است. تشخیص زودهنگام در بسیاری از موارد نیاز به عمل جراحی را کاهش می دهد.<br />
&nbsp;<br />
رعایت رژیم غذایی کم کلسترول و تغییر سبک زندگی و داشتن روزانه ۲۰-۳۰ دقیقه فعالیت بدنی دو امر مهم در بهبود عملکرد قلب و کاهش ریسک بیماری های قلبی است.</p>",2,"2019-11-16 15:45:31","2019-11-16 15:45:58"
27,"جراحی قلب و عروق",jarahi_ghalb_va_oroogh,"<p>تخصص جراحی قلب و عروق</p>

<p>در ابتدا لازم است به تفاوت تخصص کاردیولوژی یا قلب و عروق و این رشته بپردازیم.<br />
تخصص قلب و عروق به پیشگیری، تشخیص و درمان و پیگیری اختلالات و بیماری های مرتبط با قلب هم چون اختلالات مادرزادی قلب، بیماریهای عروق کرونر، نارسایی قلب، بیماریهای دریچه ای بیماری های مرتبط با فشار خون و ... می پردازد و درمان آنها را به صورت مدیکال و دارویی و یا با کمترین مداخله (مثل انژیوگرافی یا آنژیوپلاستی) انجام می دهد.<br />
متخصصان این رشته&nbsp;بعد از دوران عمومی و قبولی در رشته قلب، به این تخصص آمده اند و یا از رشته تخصصی داخلی، فوق تخصص داخلی قلب گرفته اند.<br />
در صورتی که در درمان بیماری قلبی نیاز به مداخله جراحی باشد، متخصص قلب بیمار را به جراح قلب ارجاع می دهد.جراحان قلب کسانی هستند که بعد از مقطع عمومی در رشته جراحی عمومی قبول شده اند و اینک فوق تخصص جراحی قلب گرفته اند.<br />
پس در صورتی که یک علامت قلبی، مثلا درد قفسه سینه هنگام فعالیت دارید، یا پزشک تشخیص داده است که نوار قلب شما غیر طبیعی است و یا بیماری مادرزادی قلبی دارید، باید به متخصص قلب و عروق (و نه جراح قلب) مراجعه کنید و در صورتی که در درمان شما نیاز به عمل جراحی باشد این روند توسط پزشک معالج شما طی خواهد شد.<br />
&nbsp;</p>

<p>اعمال جراحی رایج در جراحی قلب</p>

<p>گرفتاری عروق کرونر&nbsp;قلب یک پاتوفیزیولوژی شایع در کسانی است که با مشکلات قلبی مراجعه می کنند، که موجب عدم خون رسانی کامل به بافت قلب می شود و می تواند به سکته قلبی بیانجامد. بعد از تشخیص این مساله که توسط متخصص قلب انجام می شود، جراح قلب و عروق با توجه به میزان درگیری سعی در باز کردن رگ گرفتار می کند. اعمال جراحی چون استنت گذاری و بالن گذاری به این منظور انجام می شود. صورتی که گرفتاری وسیع تر باشد از عمل بای پس که ایجاد یک رگ فرعی جهت تامین خون رسانی است، استفاده می شود.<br />
قطعا در انتخاب نوع عمل، سن بیمار، علایم فرد و بیماری های زمینه ای نقش دارند.<br />
بیماری های مادرزادی قلب&nbsp;مساله دیگری است که به درمان جراحی نیاز دارد. بیماری هایی چون نقص در دیواره های قلبی و باز ماندن مجرای شریانی از این دسته هستند. البته در مواردی بدون مداخله و به صورت خود به خودی درمان می شوند، ولی به طور کل درمان قطعی آنها جراحی است.<br />
بیماری های دریچه ایی&nbsp;که شامل تنگی دریچه ها و یا بی کفایت شدن آنهاست مورد بعدی هستند.این مشکل اغلب در افراد مسن و توسط اکو قلب مشخص می شود و با عمل جراحی و تعویض دریچه درمان می گردد.<br />
جراحی عروق بزرگی چون آئورت نیز در این تخصص می گنجد.<br />
همین طور اورژانس های قلب نیز نیاز به عمل جراحی فوری دارند.<br />
تومورهای قلب (میکزوم) خیلی شایع نیستند ولی در صورت تشخیص درمان آنها جراحی است.<br />
&nbsp;</p>

<p>دوران نقاهت بعد از عمل جراحی قلب</p>

<p>از آنجا که قلب را شاید بتوان حیاتی ترین ارگان بدن نامید، عمل جراحی آن مخاطره آمیز و پر استرس است. لذا مراقبت دوران نقاهت بعد از عمل، هم از نظر فیزیکی و هم روانشناختی اهمیت فراوان دارد.رعایت توصیه های پزشک معالج و انجام تمرین های داده شده در کاهش عوارض بعد از عمل نقش شایانی دارد.در بهبود علایم روحی بیمار نیز مشاوره روانشناشی اهمیت به سزایی خواهد داشت.</p>",2,"2019-11-16 16:00:25","2019-11-16 16:00:52"
28,ارتوپدی,ortopedi,"<p>اورتوپدی</p>

<p>شاخه ای از پزشکی است که به درمان بیماری ها و ناهنجاری ها و هر اختلالی که به استخوان مربوط است می پردازد.<br />
به عبارتی این رشته به سیستم حرکتی بدن فرد می پردازد که شامل استخوان ها، مفاصل، عضلات، تاندون ها، رباط ها و ... می باشد.<br />
یک پزشک بعد از گذراندن دوران پزشکی عمومی خود در آزمون دستیاری شرکت می کند و بعد از قبولی در رشته اورتوپدی ۴ سال در این رشته آموزش می بیند که بخش اصلی این آموزش در حیطه جراحی های اورتوپدی است. ولی به صورت کلی در این رشته هم درمان مدیکال و هم درمان جراحی قرار دارد.<br />
&nbsp;<br />
مباحث مربوط به اورتوپدی در دو حیطه کلی بیماری ها و شکستگی ها قرار می گیرند.<br />
&nbsp;<br />
در بخش اول بیماری هایی مثل:</p>

<p>بیماری های ستون فقرات</p>

<p>همچون نا هنجاری های مادرزادی، لوردوز و اسکولیز کمری، بیماری های عفونی ستون مهره، تنگی کانال نخاع، ارتروز گردنی و...</p>

<p>بیماری های شانه</p>

<p>که اکثرا با محدودیت حرکتی خود را نشان می دهند مانند شانه منجمد، پارگی تاندون به دنبال تروماها و ...</p>

<p>بیماری های آرنج</p>

<p>مثل آرنج تنیس بازان و آرنج گلف بازان، بورسیت اوله کرانون، دفورمیتی های آرنج و ...</p>

<p>بیماری های مربوط به مچ دست</p>

<p>که از شایع ترین های آنها سندرم تونل کارپ است که با درد مچ دست و گزگز انگشتان بروز می کند و اکثرا در خانم های میانسال دیده می شود، بیماری های التهابی مثل ارتریت روماتویید که درگیری استخوانی دارند نیز علاوه بر ویزیت روماتولوگ به اورتوپد نیاز دارند.</p>

<p>بیماری های مفصل لگن</p>

<p>که اکثرا با درد و محدودیت حرکتی مشخص می شوند مثل آرتروز مفصل ران&nbsp;</p>

<p>بیماری های زانو</p>

<p>&nbsp;همچون پارگی لیگامان&nbsp;و منیسک و&nbsp;کشیدگی رباط ها که در ورزشکاران شایع است.کیست بیکر یا تجمع مایع در بورس و آرتروز (استیو آرتریت) زانو که بسیار شایع است و اغلب در افراد مسن ایجاد می شود و با تورم و درد زانو نمایان می شود.</p>

<p>بیماری های پا و مچ پا</p>

<p>مانند پیچ خوردگی مکرر مچ، پارگی تاندون آشیل، هالوس والگوس یا بیرون زدگی انگشت شست، درد پاشنه پا، کف پای صاف و موارد مشابه</p>

<p>بیماری های متابولیکی</p>

<p>مثل نرمی استخوان (استیومالاسی) کمبود ویتامین دی و .. همین طور بررسی تومورهای استخوانی و متاستاز های استخوانی<br />
در حیطه دوم که همان مبحث گسترده شکستگی هاست &nbsp;پیچ خوردگی یا اصطلاحا رگ به رگ شدن، کشیدگی لیگامان ها، در رفتگی مفصل و در نهایت شکستگی استخوان بررسی می شود. اساس تشخیص در اینجا علاوه بر معاینه فیزیکی بیمار، رادیو گرافی و عکس برداری است که بر حسب نوع شکستگی و میزان جابه جایی، محل شکستگی و سن بیمار در مورد نوع درمان آن تصمیم گرفته می شود. بعضی از انواع شکستگی تهدید کننده حیات هستند که نجات جان بیمار در آنها مساله بسیار مهمی است. عوارض شکستگی ها هم مطلب مهمی&nbsp;است که باید با درمان به موقع آنها را به حداقل رسانید.<br />
&nbsp;<br />
در نگاه کلی به رشته اورتوپدی لازم است موارد زیر مورد توجه قرار بگیرند :<br />
_ زمان مراجعه بیمار در بیماری های استخوان و مفاصل اهمیت زیادی دارد. چرا که با تشخیص زود هنگام اکثر آنها می توان با درمان مدیکال روند بیماری را به تعویق انداخت، درحالیکه مراجعه در مراحل پیشرفته تر اغلب تنها به درمان جراحی پاسخ می دهد. پس اگر درد زانو یا مچ دستتان مدتی است ادامه دارد، یا محدودیت حرکتی در مفاصل خود حس میکنید، زمان را برای مراجعه به پزشک هدر ندهید.<br />
_ در مبحث شکستگی ها، ساعات اولیه بعد از شکستگی زمان طلایی درمان است و مراجعه بعد از ۲۴ساعت به هیچ عنوان ارزش درمانی مورد نظر را ندارد. در جامعه ما بسیار دیده می شود که با درمان های سنتی سعی در بهبود شکستگی ها و در رفتگیها دارند که این ناشی از نداشتن اطلاعات در مورد آناتومی استخوان و مفصل و ..است. پس بلافاصله بعد از این اتفاق ها به پزشک مراجعه کنید تا از عواقب بد جلوگیری کنید.<br />
_ در مورد دفورمیتی های مادرزادی استخوان کودکان با توجه به آناتومی خاص آنها و حساسیت بیشتر و از طرفی پاسخ بهتر به درمان، مراجعه به موقع به متخصص متبحر اهمیت بالایی دارد.<br />
_ گچ گرفتن در شکستگی ها تنها در حیطه کار متخصص اورتوپدی است، زیرا اشتباه در آن می تواند عواقب برگشت ناپذیری داشته باشد پس به افراد دیگر اعتماد نکنید.</p>",2,"2019-11-16 16:01:28","2019-11-16 16:01:59"
29,رادیولوژی,radiology,"<p>تخصص رادیولوژی</p>

<p>متخصص رادیولوژی پزشکی است که پس از اتمام دوران عمومی در رشته رادیولوژی پذیرفته شده است و چهار سال در این رشته تخصصی تحصیل کرده است.<br />
امروزه با پیشرفت تکنولوژی و کمک های شایان آن به رشته پزشکی در تشخیص و درمان بیماری ها، رادیولوژی را می توان عضو جدایی ناپذیر حرفه پزشکی دانست.<br />
متخصص رادیولوژی ضمن داشتن دانش وسیع در زمینه شناخت بیماری ها و تظاهرات آنها، باید قابلیت تطابق علایم بالینی و تصاویر رادیولوژی را داشته باشد و گزارش کاملی از یافته های تصویری و محتمل ترین تشخیص های بالینی را بدهد. صحت گزارش رادیولوژیست بسیار اهمیت دارد، چراکه یکی از رکن های اصلی تشخیص بیماری را بازی می کند. بر همین اساس رشته رادیولوژی جز سخت ترین رشته ها&nbsp;&nbsp;در بین تخصص های پزشکی می باشد.<br />
برای تشخیص بیماری ها روش های تصویر برداری مختلفی وجود دارد که با توجه به نظر پزشک معالج و انتخاب روشی که کمترین مداخله و عارضه را داشته باشد، مورد استفاده قرار می گیرند.<br />
روش هایی هم چون تصویر برداری با اشعه ایکس، روش اولتراسوند یا سونوگرافی، سی تی اسکن، پزشکی هسته&zwnj;ای، ام آر ای به این منظور استفاده می شوند.<br />
&nbsp;<br />
متخصص رادیولوژی چه می کند؟<br />
حیطه تشخیصی: از روش های تصویر برداری گفته شده برای تشخیص استفاده می کنند. مواردی چون انواع آسیب ها و شکستگی ها با اشعه ایکس دیده می شود. آسیب های مغزی و اختلالات عروقی را با سی تی اسکن مشاهده می کنند. سیستم اعصاب مرکزی را با ام آر آی مورد بررسی قرار می دهند.از سونوگرافی برای دیدن احشای شکمی و سیستم ادراری و .. استفاده می کنند و با توجه به بی خطر بودن آن روند رشد جنین در شکم مادر با سونوگرافی قابل بررسی است. از ماموگرافی برای مشاهده بافت پستان از نظر بررسی بدخیمی ها استفاده می شود. انواع اسکن ها که با تزریق یا بدون تزریق ماده حاجب استفاده می شود نیز در موارد اختصاصی تر انجام می گیرد.<br />
به طور کل حیطه تشخیصی رادیولوژی به قدری وسیع است که امروزه نمی توان دانش پزشکی را بدون آن تصور کرد.<br />
حیطه درمانی: علاوه بر تشخیص امروزه از رادیولوژی برای درمان موارد خاص هم استفاده می کنند. رادیوتراپی ها که برای درمان انواع سرطانها و بدخیمی هااستفاده می شوند، شامل آن است. در این موارد از اشعه قوی تر برای نابودی سلول های سرطانی استفاده می شود<br />
&nbsp;<br />
با وجود تمام مزایایی که برای انواع روش های تشخیصی شمرده شد، باید در نظر داشت هیچگاه این موارد جایگزین معاینه پزشک نیست و نقش مکمل را بازی می کند.هم چنین لازم به ذکر است که نباید از آنها بی رویه و بی دلیل استفاده شود، چراکه برای مثال رادیوگرافی و سی تی اسکن و ماموگرافی با پرتوی یونیزان انجام می شوند و عوارضی به دنبال دارند.<br />
هم چنین در نظر داشته باشیم روش های پاراکلینیکی به منظور پیش گیری از بیماری ها استفاده نمی شوند لذا هنگام مراجعه به پزشک به انجام آنها اصرار نورزیم و روند تشخیص را به پزشک بسپاریم.</p>",2,"2019-11-16 16:03:10","2019-11-16 16:03:50"
30,عمومی,omoomi,"<p>وظایف پزشک عمومی</p>

<p>نقش اصلی پزشکان عمومی پیشگیری و درمان و پیگیری بیمارانی است که به بستری بیمارستان نیاز ندارند.<br />
به عبارتی به دنبال هر بیماری که فرد با آن رو به رو شود می توان به پزشک عمومی مراجعه کرد.در صورتی که اختلال نیاز به بررسی اورژانسی داشته باشد و بستری بیمارستان مدنظر باشد، پزشک سریعا بیمار را ارجاع می دهد.<br />
همین طور در صورتی که در روند تشخیص نیاز به مداخله تخصصی تر باشد، ارجاع به متخصص مربوطه توسط پزشک صورت می گیرد.<br />
&nbsp;</p>

<p>برای چه بیماری هایی می توان به پزشک عمومی مراجعه کرد؟</p>

<p>بیماری های اطفال مثل ابتلا به انواع عفونت ها</p>

<p>بررسی رشد و تکامل در کودکان</p>

<p>پیگیری زنان باردار طی دوران بارداری</p>

<p>پیگیری بیماری های مزمن هم چون دیابت و فشار خون</p>

<p>بررسی آزمایشات معمول و اقدام به درمان در صورت لزوم</p>

<p>انجام بررسی های لازم هنگام بروز ناگهانی و حاد علایم بیماری</p>

<p>درمان بیماری های واگیردار</p>

<p>اقدامات اولیه هنگام صدمات بافتی</p>

<p>اختلالات سایکولوژیک ابتدایی هم چون مشکلات بی خوابی و افسردگی خفیف</p>

<p>درمان مشکلات پوستی</p>

<p>و بسیاری از موارد دیگر که از حوصله این مطلب خارج است..</p>

<p>در صورت وجود بیماری شدید که به بستری بیمارستان نیاز باشد و یا علایمی که نیازمند بررسی دقیق تر توسط متخصص مربوطه باشد ارجاع توسط پزشک عمومی صورت می گیرد.این روند در مقایسه با مراجعه مستقیم به پزشک متخصص، بسیار نتایج مطلوب تری را به دنبال خواهد داشت.چراکه بررسی های اولیه توسط ایشان انجام گردیده و نتایج آن در مراجعه اول به متخصص به رویت وی خواهد رسید.به علاوه انتخاب نوع تخصصی که به آن مراجعه می شود با تشخیص پزشک بوده است نه بیمار، که قطعا انتخاب صحیح تری خواهد بود.لذا با این مسیر هم در وقت و هم در زمان صرفه جویی خواهد شد.<br />
در طرح نظام سلامت ، که در بعضی از استان های کشور اجرا شده است، &nbsp;پزشکان عمومی نقش پزشک خانواده را اجرا می کنند ، که هر خانوار تحت نظر یک پزشک عمومی قرار می گیرند و نزد وی پرونده خواهند داشت و تمام اطلاعات سلامت آنها زیر نظر وی خواهد بود.این طرح که با الگوبرداری ازسیستم درمانی غرب اجرا گردیده است، منجر می شود که از هرج و مرج و سردگمی که برای افراد طی روند درمان پیش می آید، به مراتب کاسته شود</p>",2,"2019-11-16 16:05:42","2019-11-16 16:06:12"
31,دندانپزشکی,dandanpezeshki,,2,"2020-01-25 19:25:00","2020-01-25 19:25:00"
32,"پیرا پزشکی",pirapezeshki,,2,"2020-01-25 19:26:32","2020-01-25 19:26:32"
33,مامایی,mamaii,,2,"2020-01-25 19:26:39","2020-01-25 19:26:39"
34,تغذیه,taghzie,,2,"2020-01-25 19:26:48","2020-01-25 19:26:48"
35,آزمایشگاه,azmayeshgah,,2,"2020-01-25 19:27:14","2020-01-25 19:27:14"
36,"کلیه و مجاری ادراری",kolie,,2,"2020-01-25 19:28:36","2020-01-25 19:28:36"
37,"مشاوره دارویی",daroii,,2,"2020-01-25 19:29:14","2020-01-25 19:29:14"
38,"مشاوره حقوقی",hoghooghi,,3,"2020-01-25 19:29:38","2020-01-25 19:29:38"
39,"مشاوره کیفری",keyfari,,3,"2020-01-25 19:29:50","2020-01-25 19:29:50"
40,"مشاوره خانواده (حقوقی)",khanevade,,3,"2020-01-25 19:31:18","2020-01-25 19:31:18"
41,"مشاوره مالیاتی",maliati,,3,"2020-01-25 19:31:31","2020-01-25 19:31:31"
42,"مشاوره ثبتی",sabti,,3,"2020-01-25 19:31:46","2020-01-25 19:31:46"
43,"مشاوره اداری",edari,,3,"2020-01-25 19:31:54","2020-01-25 19:31:54"
44,IT,it,,4,"2020-01-25 19:32:08","2020-01-25 19:32:08"
45,"هوا فضا",hava,,4,"2020-01-25 19:32:17","2020-01-25 19:32:17"
46,عمران,omran,,4,"2020-01-25 19:32:26","2020-01-25 19:32:26"
47,مکانیک,mechanic,,4,"2020-01-25 19:32:34","2020-01-25 19:32:34"
48,"مشاوره مالی",mali,,5,"2020-01-25 19:32:48","2020-01-25 19:32:48"
49,برندینگ,branding,,5,"2020-01-25 19:32:58","2020-01-25 19:32:58"
50,"دیجیتال مارکتینگ",digital_marketing,,5,"2020-01-25 19:33:13","2020-01-25 19:33:13"
51,"مشاوره بیمه ایران",bime_iran,,6,"2020-01-25 19:33:29","2020-01-25 19:33:29"
52,"مشاوره شخص ثالث اتومبیل",otomobil,,6,"2020-01-25 19:33:50","2020-01-25 19:33:50"
53,"مشاوره بدنه اتومبیل",badane_oto,,6,"2020-01-25 19:36:24","2020-01-25 19:36:24"
54,"مشاوره بیمه مسئولیت",maooliat,,6,"2020-01-25 19:36:35","2020-01-25 19:36:35"
55,"مشاوره بیمه اتش سوزی",atash_soozi,,6,"2020-01-25 19:37:09","2020-01-25 19:37:09"
56,"مشاوره بیمه عمر",bime_omr,,6,"2020-01-25 19:37:21","2020-01-25 19:37:21"
57,"آموزش صدور بیمه به دانشجویان",amoozesh_bime,,6,"2020-01-25 19:37:41","2020-01-25 19:37:41"
