1,products/digital.jpg,digital.jpg,jpg,products/digital.jpg,,
2,products/goftogo.jpg,goftogo.jpg,jpg,products/goftogo.jpg,,
3,products/genayat.jpg,genayat.jpg,jpg,products/genayat.jpg,,
4,products/ers.jpg,ers.jpg,jpg,products/ers.jpg,,
5,products/ravanshenasi.jpg,ravanshenasi.jpg,jpg,products/ravanshenasi.jpg,,
6,products/daneshgahi.jpg,daneshgahi.jpg,jpg,products/daneshgahi.jpg,,
7,products/mahramane.jpg,mahramane.jpg,jpg,products/mahramane.jpg,,
11,/images/drugs/14_5_1578409558.jpg,aa.jpg,image/jpeg,image/jpeg,"2020-01-07 18:35:58","2020-01-07 18:35:58"
12,/images/drugs/14_6_1578409628.jpg,aa.jpg,image/jpeg,image/jpeg,"2020-01-07 18:37:08","2020-01-07 18:37:08"
13,/images/drugs/14_7_1578409698.jpg,aa.jpg,image/jpeg,image/jpeg,"2020-01-07 18:38:18","2020-01-07 18:38:18"
14,/images/drugs/14_9_1578409869.jpg,aa.jpg,image/jpeg,image/jpeg,"2020-01-07 18:41:09","2020-01-07 18:41:09"
15,/images/drugs/14_10_1578410213.jpg,aa.jpg,image/jpeg,image/jpeg,"2020-01-07 18:46:53","2020-01-07 18:46:53"
16,/images/drugs/14_11_1578410354.jpg,aa.jpg,image/jpeg,image/jpeg,"2020-01-07 18:49:14","2020-01-07 18:49:14"
17,/images/drugs/14_12_1578410387.jpg,aa.jpg,image/jpeg,image/jpeg,"2020-01-07 18:49:47","2020-01-07 18:49:47"
18,/images/drugs/14_13_1578410515.jpg,aa.jpg,image/jpeg,image/jpeg,"2020-01-07 18:51:55","2020-01-07 18:51:55"
19,/images/drugs/14_14_1578410620.jpg,aa.jpg,image/jpeg,image/jpeg,"2020-01-07 18:53:40","2020-01-07 18:53:40"
20,/images/drugs/14_15_1578410653.jpg,aa.jpg,image/jpeg,image/jpeg,"2020-01-07 18:54:13","2020-01-07 18:54:13"
21,/images/drugs/14_16_1578411166.jpg,aa.jpg,image/jpeg,image/jpeg,"2020-01-07 19:02:46","2020-01-07 19:02:46"
22,/images/drugs/14_17_1578411642.jpg,aa.jpg,image/jpeg,image/jpeg,"2020-01-07 19:10:42","2020-01-07 19:10:42"
23,/images/drugs/14_18_1578411810.jpg,aa.jpg,image/jpeg,image/jpeg,"2020-01-07 19:13:30","2020-01-07 19:13:30"
24,/images/drugs/14_19_1578411907.jpg,aa.jpg,image/jpeg,image/jpeg,"2020-01-07 19:15:07","2020-01-07 19:15:07"
